textID,selected_text
11aa4945ff,
fd1db57dc0,
2524332d66,
0fb19285b2,
e6c9e5e3ab,
311d2b185b,
95dfefd4e7,
739f17cfe1,
c6322a85c2,
b4401d6b4d,
934ac753a2,
3f8fc09752,
a8e2c45625,
d761530c7f,
bb8443d7e2,
41c5bce464,
d5c25dbc63,
7a897c9999,
4d7def819d,
a8e17db0cc,
bbf1006316,
0fe8023456,
949020a350,
f90a6f5da0,
390f169584,
0de656eac1,
144e6fb3ad,
9a55d83c79,
27829d97bd,
bebfd966a0,
4626b8b37a,
bf9189459f,
4cc3d3824c,
70187852a7,
094681e31c,
16357f7283,
5aa568e0a4,
003816f151,
df1baec676,
9f23e5d8f5,
316d5aeaf6,
ca10e6b390,
f97b6d38ed,
42e4df338b,
cee062574a,
d3935b8571,
409767144d,
a203734990,
a267c3e874,
389fc0d397,
c3feee17fd,
1620bd719e,
f321d7a256,
9e5e8ab6a4,
6cadda7b98,
b84ea78203,
0b6444627a,
c780b84d97,
3ab338c459,
db7211afbf,
f8456f260f,
5773cb0640,
8837fac289,
37681f23e9,
7a09871d21,
9eb21f1e58,
fa625455c7,
5dbb7ae2a3,
16ca8a5ecc,
4f8c391159,
16ac3c903c,
87c799a397,
80995dff29,
342c394b9e,
1eabe43846,
e8ce4f8bdc,
52aad0e22e,
3d0c74e523,
2492330594,
7e19629684,
5a17107aba,
fc6128f4e5,
2a054d9205,
2f9f6f89cd,
4ea7102112,
bd8ba2ad7e,
23602f214f,
f7ac9e16e5,
c8a9799256,
8fd01857a9,
b56108fc36,
85859d775f,
172b9d5155,
540fd43bae,
a9b6058320,
5428d6a1dd,
390f00c85a,
75b30e5358,
fa959f2dd3,
00276ae6b1,
2cc6d6b3e6,
dcb745bcf2,
d9c10546e6,
b454c1364b,
28013de754,
ab5b510355,
97cd2255be,
346ce6428b,
fdd859e2d9,
cb8ff954c0,
b4031d0753,
d53ddd0172,
81622f137d,
f52e7e5a88,
95b7fa6314,
85ef239798,
756300c03d,
32b28d840b,
95701e8ed9,
c69ccdfa56,
e17302312e,
7fb2ca19e9,
ddfc2cc8b3,
b5da09a0f6,
07d608a03d,
be33b5cb9a,
9d6fc9c77a,
514b972ba8,
14193ff01c,
416863ce47,
d1b38c33f4,
6940969fb4,
9fb92f7504,
ed036f1d74,
1f9644b008,
b29a9ec749,
34b7f333cb,
c89e41fc7c,
7ff53f335c,
f5e5205d2e,
36c50ba510,
fd5ee5b52e,
c653189d96,
d7765a3fd6,
ec9c43fbb3,
c8a1dc1f03,
5d8102cab8,
1fb696a58c,
a875ccc879,
5c0e819f2b,
051025ff7f,
18219a326d,
a9e176a76e,
8823244442,
98c02118e6,
c635a113c8,
a237d86171,
79f88c9c67,
383aa5ec8b,
1e6f72ea44,
fbd7404138,
a7f12fa546,
eb96d21b64,
0c8dd8b628,
61fde0e7e6,
e4364d95c3,
8f3fc77f66,
1e2e4371a9,
166332e48a,
5f54c3d4cb,
02ea3e88bb,
e96ef28e55,
136b1926c9,
90af5c843a,
50c0004af6,
9be622ea54,
d554ee2fe0,
2dfbe0b7fb,
3742419885,
c0abd616ab,
983088f2b4,
a8e51d1a43,
79e7a9ed8e,
778c5660f8,
a769b2340c,
43ee9d3c82,
f68a3ece4b,
564c21df63,
bef904fa13,
bb14e1f4cb,
dd3cd66574,
04095b70bd,
3f0f5891ab,
c016333e85,
3289389558,
db4bb26337,
70db92882c,
2f2721c6fe,
4d818fe6e0,
aacd4d0c3f,
2246ed3d84,
b9798fcba9,
6be041409c,
a7a4f1809e,
4b34697ec5,
b78e0c4c19,
410dd99aa3,
cb4adb2254,
eaa096c532,
2418966865,
51ddb4abcf,
e056f0a268,
bd213e5f40,
6aa5004916,
17029c297a,
83fc759a0b,
b6d5af9406,
51f56d7464,
2b2f63eb2c,
72b5155719,
4addb8e422,
943b1558e1,
3922543d77,
c2ea5cb58b,
c223721eed,
33bb4fcc72,
0cc4081476,
7a7f7181c7,
4c086d6a58,
61ce1c40e5,
9c1e71d5e9,
a0840086ab,
4178eae6e8,
320a6e56fc,
bcf13877f7,
0b5a804a3c,
820f19ca44,
960ade8bfd,
c29116d111,
9d8efb8db9,
f8393c572a,
838c1184b4,
2132f07ca3,
29091877e1,
4dd3339756,
ca75f7e584,
4e7fb463e0,
3f7adda0a4,
a624cc6757,
f446d26bfc,
1d5318a66f,
998b50607e,
96cc75e508,
c6881ba0e1,
11e23ea0ed,
d2be8d7fd4,
2c9d5de236,
d4623c0bd6,
bf580a287e,
f180c62405,
4d194d770c,
3dfd82c60f,
6a14956779,
e96c25a560,
0e3f632892,
3285374ab0,
653f3adcde,
d11816c1c7,
32b129dc3f,
440e8fc447,
c44b286776,
34e4bf2b94,
1c1077af54,
7f4a82153d,
8fbd0b19e6,
f59d8d766f,
5acf4885d4,
2813c4cf7e,
3f90f95beb,
0b25a31b7e,
dae7a3eeb1,
0d4d5b49b2,
55b8e44c02,
16fb14a0f7,
e131c496a2,
ee87e14bee,
9fae9e3145,
d57bd01b7e,
46e5a5f63b,
23f4fd4385,
060acf7042,
6bdd5e9d7e,
d8c30b8a27,
8f8334ffa2,
5a34a7e52c,
00b7a60703,
0888d7dab7,
1fb1670192,
16b8e23839,
5ffb19ae8f,
f66a3af202,
f2a3b9d7f4,
f589c8b60d,
2bffd86b55,
b14b4d5209,
e37a7b9128,
c964730131,
7b2a38faa7,
e1c4ad96a0,
ace8edef1d,
746d87f93e,
e108bb4fa1,
9dec21d822,
1038091281,
096ed753e9,
5b70f8bc73,
ca1d744985,
9f9a4e2bb2,
600c58d8b3,
2987cae592,
40ada63a36,
c9a52dee1f,
ffd54ac7f7,
d8f4aefacc,
6896f19343,
1aa65233b0,
c7e52408c8,
3df0f721e1,
9f42f42b4f,
f7f3dc7102,
7eb1620dec,
8af4011f58,
727e51734b,
4a653d8227,
f877442216,
0996990dca,
a1b435d7b2,
27c4e1f089,
0e5d9cd378,
87cd836d7b,
c7fc03de4d,
3ae98f1cae,
046af350ac,
d72edc0bb2,
669c709c0b,
6e8fb1ede7,
cf0d831059,
9b8052833a,
c6e5884baa,
90751fc00f,
a22d319e5f,
6a784b0c72,
3592e3ebc9,
59d4b58ebd,
ec1dd094c2,
d12acf4e01,
237b093176,
fc0b053a31,
b2bada7873,
c7f27553b8,
e5b36bbce3,
b39dbc6ee5,
4b57011c85,
5423cf0811,
84a2eb963a,
66dfc52d42,
1a857a38fb,
126e2e83d6,
ecaa478ef4,
7bad0b9772,
3cd447856a,
001e4be1ab,
2a04e6e839,
9f2a0b0b2f,
8534e70d73,
32a34847dc,
f6400f56e9,
f9382a1f7b,
877130d7e5,
b5e7df1efe,
e7e27b0c91,
e89cbe91e0,
1a82a50aa9,
65bef2f8c9,
ef1eb004ff,
ef60a2d1e7,
e4f5ac16a7,
d41fe360e4,
15e2731c37,
ae285917c7,
e48cf1bff4,
036b210d6b,
198854f289,
9b0db4e33e,
0d85e6d515,
e38fab54b2,
6068de7168,
aff740a028,
b93f47d6b0,
f554f3fa53,
081a4e8b31,
25f1991c36,
bc6d7b4364,
8628c6df3d,
acf7eddf2b,
ba93b78cfc,
65c7eae9b6,
2a83e56667,
fd871c70ad,
007eeb40ff,
9a6c971e84,
cb5041f872,
fe9b205b30,
12b08fabd2,
bb0316a749,
61c907173c,
ac4f58fce3,
59fd038492,
863e09ee74,
a4d578eeb1,
fdd3a09897,
0e8aa10a4e,
fe588dce16,
8255b23e72,
112da4faa0,
bacb2d1061,
efac7aecb8,
80a1ed08bf,
c032793654,
0e72caa348,
9a00c7fd06,
058f39acca,
2dbb28cc29,
1900a6978a,
3d1d381278,
dfd9f1800b,
2d5206550f,
7db93d25c6,
e2fdad0321,
95db70d9c2,
20a2a8c3c8,
06ae0360a2,
c99820b355,
18ee7c255c,
acf54fad30,
daaff3f5f6,
6ff99dcdc1,
ceab14b717,
ee27c73f40,
b1a2c1b94c,
1af280ac83,
bd3b5dbd9a,
e22beff480,
40ae4f1f0c,
8362ba6ae2,
09a2245f93,
509033a1ff,
efba862a1b,
d3b70656cd,
979153b838,
1256e6a4d2,
1c5ca67cf9,
ea57382c80,
001617fca4,
586e68c59d,
5ba64af2fd,
981a6f186d,
3593dbe193,
78a3ef0435,
b8d1e767b2,
1962095a32,
c1388fc963,
e976f2769d,
343c2dd395,
43ad351369,
67447c7a51,
065e4c2dba,
bc3d152a07,
96f3650135,
533d941f5f,
f66bda14c6,
87fa9ce0c5,
8bb73c2ccd,
38c4f74767,
4ed24c845a,
05810a7cdd,
f43efa3560,
5026e37179,
10c55c13b8,
63e434fbf0,
52e7b6c3d1,
0a21b662a4,
ec946f285d,
10dcbe4dfb,
73e548424b,
38b6b897f4,
20967289f5,
797aa81fda,
74b57c43cc,
6b3c3e22d5,
6c843b2f56,
1b8c3ffa29,
8f25eabe4a,
e30721df0d,
77e57c378f,
e27ea173e0,
109b636fa5,
45e3f93e9b,
d50b0a5b94,
9a9fa3f033,
ad94e8b662,
0796ce6ac4,
318bade93d,
3af70d3bc2,
a0b1828b67,
90be8eaffb,
a29a76a54c,
6dc625db0d,
0edb544179,
7ae4f41a31,
c3c79502f9,
34409c9b8a,
96e1deb162,
33ae501ac5,
b432c9fadc,
52d7fcfd39,
8230f9ad74,
675d0f99ee,
6d7cbd206f,
f3933c4b73,
70fba04997,
efdff6dde7,
62ed3d6141,
81950f02a4,
c027e514d7,
278c0dceeb,
28825fc1f9,
bb96cfef66,
fc7842b0b4,
db331541b6,
b7df44c04f,
fdc09f2f0b,
360af83c85,
f3afed1887,
fb030409ab,
0ce30035ac,
acdbccaeeb,
cb20977501,
6f15fcf64e,
fc4660a609,
cccb3d7081,
66019ddc8f,
575e4a89fe,
82bc030c0d,
9a27ba671e,
7a4af13b01,
4b273cd32a,
63c7425486,
f841b0e812,
6e0abe59f9,
e035aa9fe3,
af08dd0be5,
d9e1b10a4f,
2cec07986b,
769c8775bf,
da39cbf3e8,
461b51fa58,
b9a6b682b2,
cf05148ed6,
2c39030bc4,
026d3b6611,
9407ce6ccc,
4acd2d7380,
f4d1a681af,
7b05d819ee,
300c739684,
a4ee41dc64,
089f2af7b9,
05a1b09ce9,
c8cfe01c4f,
dd069f5bbf,
970d89d516,
12d70a758e,
00d5195223,
09042bf466,
a8d61ff137,
31d77e5ff5,
975554343f,
9c90694664,
3cdfcc7a2c,
74676aaaed,
0ac7e72578,
656119dd86,
ba6d7433fe,
736f2bd7b6,
40e1ca4ab0,
3949bb2591,
df566d4c87,
29148dc95c,
e84aa8b193,
f008d91039,
44c3407b4d,
273aa26c3d,
c28bdcf8dc,
e1b0bb3509,
6ade83d96d,
4dd58ecd2c,
bab68144cd,
5843d17b1d,
12005b65fc,
ff7126ea72,
4f2bf0e4b8,
76b40b8c3d,
29d1f7e4f6,
3d128b58d0,
f734459c4c,
c87be630b5,
441dcaef31,
1eac051f9c,
665dcd4cf2,
8531be3694,
8be2d4f69f,
aa4724b924,
b09f14d65a,
b29ea1892f,
f422f53b7f,
71617c28b6,
46cd71439a,
505f50a90d,
94e0c7c638,
170f84ffcf,
31b002108e,
e150ad9d31,
e4fa21bd2f,
7067e6046d,
f27f60c847,
bad6311330,
1f7717fc7a,
6788d6c565,
05f4f3ddc3,
570a5c063b,
2fadf73014,
2e982cc27d,
b303da170c,
241afcd4ec,
1d06a9cc02,
062ffc4f0d,
1dda981140,
c762607c42,
4b1e5d7c3a,
8b1ef2334e,
0b1fad03e9,
271bb5e6b7,
42590d5199,
cfa90fa221,
478a005e7c,
de288eb45b,
12b631ca7b,
cabf8f9dea,
0927b99040,
a25f8983ff,
9e972c1093,
7a27c3a84d,
08d8063529,
df3c7485ae,
70b4033f03,
65c1831198,
b631ec4bfa,
797f9cddc0,
92866f7b8c,
bcd831b113,
2c4545ae23,
91c6546f6b,
5ce968f9be,
37771d1bc1,
c5ee1ee772,
0b3b751482,
defc8b34af,
8d85d53e36,
18a11e8dbd,
cc28178ef0,
419862456e,
929b5c888c,
b33c27ad85,
cf64d19714,
3e7c1d3c6b,
8bbaca6e4b,
d24bdd2844,
12ceb7565a,
ac3b9688c6,
c23bf94285,
f59bbec4a3,
9662de1204,
9d8a45d308,
21d05898d3,
0e3d04ed05,
fe89e929f4,
a539826f28,
43e91a5488,
3fcdacf90f,
02624773ca,
2280788f99,
888b3fdf3e,
25c3c99b1a,
62dd5efb10,
0d29624200,
d794425886,
081ac56240,
4bb00e884a,
1aba7766ca,
d205b332e6,
37fa199c50,
f0854a3951,
5999397144,
afe5ce5d7d,
aa7362d09b,
7b88197891,
ab43c568d8,
c4a8602e0a,
695f322a0a,
b34f37f31d,
6fa5a04599,
4331a46aba,
76da985a47,
90fddcbca5,
ea7e409dcc,
55cec41587,
3bd6b2df8c,
1ea547383b,
d86941ec1c,
1c14b45cee,
86a28f67e9,
bebcdc05ad,
0eb06a4076,
064a8c4847,
f5d47f04f5,
2252c58ab0,
2e57d38abb,
5f42a2d026,
e14bd46ac9,
7674cfa90a,
f79609f1b3,
35182b1866,
ed6a316e8a,
afc17894d4,
63d6ff064f,
656e4dfa55,
6cee199f3e,
c7b61da1e2,
1783b5eb60,
ee6febbfb4,
311740836a,
8dd4c2b501,
1746f40680,
a185f0cc24,
df8b63c379,
5921dbcbf3,
dbd82ea5bd,
12b499b4ca,
79a28b1ac7,
e4d6a48aa7,
908abc1bd1,
c7f9d559e2,
196e5dec12,
8d138ab15b,
896289196c,
c1dc0dd0f6,
2bbe1f652e,
d01966504b,
8429087609,
e2bf49618d,
68bf3f1fec,
3eedba9550,
e0c0860417,
e0d893b360,
b0f3142cb4,
75dcba6339,
3ea60172a0,
eaeee872b9,
6d3c1d8ff7,
8c8e32f76f,
58e2a00ab8,
e0264b2a5f,
f6f96dd249,
0050eebd18,
14c6d8edd1,
c8a8b0e791,
29da8ca76b,
3e661b33eb,
9fce30159a,
896669ae51,
67cafda653,
0197e3ebbc,
6a5af5f4c5,
9c65f93a2b,
23d8ccab77,
2c8062a094,
be226efbd2,
419f3e9ef8,
112591001f,
f23c1c4255,
e6b24b7014,
8247622f9b,
3775f77081,
323e67716f,
08ede23635,
b1c36b70a4,
e8bbfed756,
a16f652927,
a028e284db,
1bed6bec2a,
ded636e263,
41bb347c8c,
5213af0cf4,
b7b0f4fb71,
5bbef6942a,
69789cff46,
dcb3bb2912,
59b63d3b0f,
d80d99b28c,
04b57c4359,
22df86426d,
cbd04fb4eb,
1b460c82f0,
52c2bbf770,
4f05a05989,
932227184c,
4f2e517832,
6a72b1eb3c,
e09f5b6b95,
aa8b44f1b2,
e2ea1af68e,
799e17e7a7,
c8e099fef6,
eb9b4d2431,
5caa73746c,
959c593450,
cf9dc7479a,
7e5457bddf,
895de1648c,
49ffb6b465,
92c4eadecf,
95189cd3a8,
9aa7d6a58a,
f18b102ad6,
8997a62a75,
a72c5d15b7,
1177c602c8,
9a6736745f,
2cd5a21fbc,
6af90a76e4,
41e53f9cb9,
e6b01d5777,
dad3160e52,
4683236241,
845495ffac,
3cf7d3cbea,
1b4612b286,
3a23f53b85,
4d21d7611c,
a267dfc19a,
ad2d036578,
b7c1a22a62,
24e58e264b,
0a92e46208,
2d5051cce9,
be78fe3df4,
b820cb8056,
12da846f8e,
e243bee98c,
6f381bb00f,
77c659aa89,
ed54440a2e,
d3c0cd9fba,
6506dc55ff,
2d475b1b23,
acfcaea70b,
76f0861133,
a8a1e94417,
8e65e54144,
9a2689017d,
6e693017f6,
4bc7d627ad,
f3f0fde02e,
01082688c6,
e59fd12277,
393b22b6c0,
a04227ef4e,
700c41e7c0,
513358abe6,
3555ac7c01,
3626f85ac4,
bcc50747b1,
04d19a025b,
56395aff30,
fd34ad6207,
564d996422,
c9dfbf4275,
fbbeb51073,
8b8932427d,
74af7e0835,
15a017a8e4,
5e14887b13,
ed539778c1,
d934e438cc,
795556dc39,
1305139c4a,
dc73e85417,
5380d2b0e5,
5f72b7df41,
2cebd75ed4,
4f6d52cbd8,
b86fe0c61a,
64ddc1f8a2,
fcb934b1ea,
fe7c9215ae,
65275b51e2,
414734257e,
06aaa8e680,
938c32de3e,
2c60e1c7a2,
d109999477,
894a3f680a,
0dc0eb905d,
8800a2d912,
bcb9426abb,
ffcd5cb36e,
6c82821920,
f2f05cbdae,
ea1b1fd1bb,
398d591255,
26d169a9e9,
4862263051,
e10587e6de,
41a96b7954,
cdd172d6a7,
200f2b3566,
28db608c0d,
b5237966b8,
7dd51bdec1,
82c72d7fd0,
aa221b6a7d,
0d7f89029b,
a0bfb12773,
9c202174a3,
683149f529,
6634c62acf,
78819d2e53,
3aa450d12d,
da72cfc9cc,
1b5a4bc443,
4b3a5b41b6,
856bb40ae0,
00ce730001,
fb08563a7b,
9508bfc99f,
5b6212874a,
f873960a48,
218412b76a,
bd13675621,
ba443581ae,
79852f9590,
bdf9453e5e,
e035bf28b6,
8df42cd45a,
bab04dc463,
87737f8e62,
d24c474353,
b357b9e7d2,
fa8998df98,
cbd87d2326,
6a818203a8,
a3f0f32135,
3d054d1072,
88c7658eb5,
35674461fe,
d25c4179f6,
b411bd3afb,
f6c69d962e,
4363c63d9c,
84548ab6e2,
32b2c8b924,
7574ef7536,
3acd68b4cb,
ddbc8dba62,
a00d6e8a18,
1944d83437,
22d22bda0a,
d881666768,
e5599343e7,
204d6510c6,
a0e7618e7a,
7b474b659d,
5da03690bc,
b37fa20e4e,
d35f126ad0,
995db37ffd,
8ba9d3448f,
9fc2217d38,
6ac3031bc9,
e2505e6219,
25ce9a8b1b,
efbd798924,
ee35fcd036,
1e7bb0e6dc,
eea9145f1b,
7623079330,
f61a3d6393,
b4b9d74b06,
242de9277c,
03bb148b87,
af3fbd5681,
b9cb67bd1c,
13ca815d01,
55210b6e39,
a37b6c27a2,
47b4e91e39,
2e8bd923d0,
0828b1848f,
9a1eaacda3,
fd5eece5b2,
1b1243d0b5,
e9174e5bb2,
703a5708f6,
cc7e3d0e3f,
a2bbae6c4c,
252a0078c7,
c3261537c6,
b03e2a23e5,
603a6f30be,
416726e6d2,
25ce655a84,
9ffc800a5c,
a5cee2035b,
45cf9ba329,
a8bf8239bd,
b7259fcba2,
c0a39bf520,
9599acaca6,
7d933d9d21,
6fbd9f3ae7,
2d8d4624f2,
a154540c08,
0e4bcb3a52,
ff7949688c,
771545d181,
5bbfbb31da,
6d43a06459,
3e99500fa4,
a7506a67a4,
c956722677,
f77651be05,
692cd6a34b,
7811012154,
59ee5ff2f9,
f6e3a6dd55,
e6c2edcb0b,
dec8c3dac3,
784fbab498,
bce5834e03,
3cf6817f75,
54a3eab849,
98b6544758,
53eacec2ef,
ea5c577cb7,
b2dc59805a,
64b8d96644,
e19f77eaf8,
8dd7e34100,
15e5ad39f3,
60fbd17c2f,
a0450b3745,
cbee1946d3,
1dbae05df7,
c392253b42,
412790a2ed,
b04dcbb3be,
7a78bcf308,
a4bb5d0c5c,
5d713d947f,
8a768f4305,
e8641ec31d,
502aa24ca7,
edde6bb21e,
360583f897,
0986073590,
9ac13b3739,
3b5d1cc375,
3db940a3d7,
9fb3633760,
128a73fbfd,
106aa6d022,
fe584461ef,
5496094dac,
6913d9c30e,
cb8cb99053,
32e183bbad,
0815af3970,
db828c7bda,
58be40735c,
6475c6d26d,
47e8896447,
df9709f719,
c83acf7a6f,
a42e148220,
a47a7599e3,
f61b40624e,
1c0b70106f,
d6a8cee69b,
3bd0bff670,
25e42b2bf2,
74e36c1c25,
10db37e108,
4b2b16581a,
772ba56ce6,
73afc6a90d,
8dc2975248,
951e093497,
7db53ed89f,
7a059ccc2f,
64cf7657b9,
f4eae403c0,
0d14593b11,
06b8d9e26c,
0c415791d1,
de168e6328,
cc3b05f756,
4bf04f6e67,
54eba9eb73,
a6623df1a6,
33745d82ff,
4d461bba2e,
d2a21b3cb7,
62bb51eb64,
fe9c9f7f2f,
3e5c571a1a,
b33e54d9c8,
9cd32dbec4,
d0ce0ab587,
d7f63d1bb6,
3dcf4f7e13,
e591a725ef,
4cc7d9995d,
9501aabea3,
9f2322eb66,
6230b5c435,
3b6a25d97c,
3dbb8c1489,
3690fcb40e,
53e1fc3b18,
f02bdad05e,
9630a8a60e,
146257b271,
e0f51840d2,
add95c3198,
aab1caabf0,
6d3596cdb3,
02077519e6,
291b817092,
adb0fc398e,
4a9529e753,
7a81537034,
75499e3bd1,
dd6ea8c37a,
f7718b3c23,
e7a0f7ac99,
27d0c01bc2,
4c2cb5387a,
349251e2a4,
454c890bb5,
a2819eaa7a,
bc3032341b,
9e8665abc5,
7907132523,
20a5175d49,
09a5b9b958,
bf95b25f9d,
127ee02f19,
9c99cd9396,
43661e198b,
413eef8c27,
1b6fe730fd,
101bf94294,
e6f7199479,
d0380dbe70,
f8d2395684,
0f89951346,
a24748151f,
f5e9c0eef2,
c08a90abbd,
bf4b4c0f0b,
646d1df036,
00f377c634,
1ee78ef6e6,
9f32a3213d,
e5339e66dc,
4841c38e53,
b8547d3835,
02883c7ab1,
e33459f8f1,
384a8c1c53,
d147a9feb1,
704dfebd66,
f637b48a5c,
fd10f463c9,
f1f8d50eff,
2bb3411362,
8c582b0575,
cab95c99b8,
86f3b2e352,
7c5b5c6f96,
c9e8281f8c,
03798acf38,
0c37fc95e3,
80ea9ba96f,
54698d6dd1,
a26a75179f,
c7be378db2,
936cc72c9d,
515793e794,
f0f6fda1f6,
5d8cc77f93,
8bdaf388f3,
dad1d09bfb,
77a7b3282b,
ebb86c4db5,
548e2f1e34,
a5abb95859,
cfd68d702e,
aca7565010,
834651667b,
1efbccc936,
c5628b1962,
5524acce17,
83e576fd29,
fc73012712,
5fcaa99ec8,
199d624a97,
addf08efba,
7880cbca66,
1137d77ecc,
946573f031,
0c2e7ab834,
bc9ebe0002,
f948e704f4,
0d45e4e926,
8f0bafc9dc,
0117a03b6d,
5be9ccda69,
6c256de604,
4219979931,
82ea51ab18,
448c887bd1,
babe7f5404,
138fa4e0f4,
894e948ead,
5b584d38ff,
a351659f85,
e9c8585ad1,
474b02cd39,
704c53f4cf,
f1776ec89e,
1962233e5d,
9c52e5ba66,
8d02587ab0,
0aec5ff9a0,
ff9722bca7,
bc9097ade0,
3477bb4c82,
c3459bc0bb,
bbe85e3495,
86c20cf6ee,
1c2a41d71e,
3e9ba7f25b,
be16255b41,
e52e2ecfc5,
78e07d2075,
b659d14173,
a4ab64c15c,
eff38f3689,
d2dbf84fe0,
6334ad4725,
ed6bd3958e,
7053623c26,
fcc4f3baa5,
132462ca21,
96a8112f12,
d31f0597f5,
5a3c9bf459,
2942ed51f6,
f0c1aa8e72,
bf2419a824,
47617218fe,
f7378bc34c,
33f19050cf,
3d4b0a81a6,
af63915fa9,
1973abbb06,
a3cd0a7228,
b106a248a9,
f61861742c,
733ac52be6,
598603422e,
0435d42f80,
670244dc63,
cff0e3e256,
16fd300910,
a35314257a,
5fc6e71643,
0f7696a955,
b09213d54b,
7e69bec42c,
74b427ffa8,
e5f0e6ef4b,
47a47bd1a0,
24c92644a4,
dc513a682c,
898c63c69f,
1f9019bba5,
bd499c0bf7,
f003be5308,
632ea65f37,
2c9aebcb01,
cd60606781,
a4388148b8,
639aeb628f,
808aaa8dc6,
b00763f904,
3b388efbe6,
c08d28468b,
9932b9c033,
cb4266c560,
faaf6a6f64,
f03669fe8c,
855545a974,
bbbe1a1a9b,
cf1a0bb3c2,
b9b983a83c,
2a2c1635c8,
b09824d000,
b221ecd789,
46f859bacf,
84ba2c6195,
d26c5024c9,
04887b5405,
3f09fa2af2,
de20a4f9ba,
f4052e9331,
1d3c1b4821,
cc29d748cb,
02b6664fc0,
0145dc9e7c,
4d3c23d2e9,
5b1260de70,
0de2a265ef,
3dc1ed5f06,
48a90031bd,
72624c934f,
6bda8dca4d,
3ed3cffe21,
a7977acf38,
ee51d32074,
19f108c62c,
6693f9c143,
92d94fa045,
9f0147e874,
f26105a320,
daba837f14,
e02cb0c9a8,
0b0944285d,
97fb7ec718,
7d0291358f,
cbfe82ef26,
6ee991d0cd,
b4d1c8c080,
1c66900f85,
ffa3258a83,
1219ed4a21,
6be59d11d8,
5657eb8429,
fbea09d42d,
d6738c3768,
910a250227,
fb10c20429,
be4b907022,
c0603f62dd,
c625cee17b,
dfe5909132,
4477b985e5,
000ceaec55,
472fc56661,
0b8b37ba52,
e19ed00091,
1e4e4b607e,
4e43ad756c,
efb43fce11,
d17a3a37e1,
6872aea3a9,
0c53b2d4c0,
5609c1212e,
b96b9ecc3c,
5865232bd7,
121b9c13c2,
261ead9c14,
481e268403,
3ed1480471,
29f805a7d2,
926f9f5895,
f71ed6b273,
03e41eeb4f,
56f5217a16,
31f2861133,
3911f274d6,
3ee7e1cbb0,
f4e8990f70,
ee89b16825,
daed8640af,
d0c93e2a81,
4454e4d53a,
d6dcf8c5ef,
389a3e653c,
f602450df1,
f40d533a23,
7240ccb4b2,
09e0880c54,
e34af4fd97,
b8a3fea60e,
36bc98037c,
a1b12787c2,
fd9f6c3e21,
40760ea4e8,
30eecabd12,
a3145ba47e,
43449f0068,
2f7b589c41,
791b4a40af,
01f2c9bae6,
0f93ebfb23,
e01f6a7ec2,
484373037f,
c6c2478e74,
592b350f6f,
5f80970983,
834dc73c0c,
b0f7ac544d,
6115285ce8,
0b91f39c27,
0d401237c2,
61eae11e5e,
d3d7b13278,
5efc764068,
facd1f468e,
c135b2cef2,
8b6c53f38b,
f529745a98,
098f6ce321,
16466d0ff2,
cd00966e36,
3e99f423ba,
cb349ee334,
043c3b53f8,
261a5bbd14,
3da51fc31b,
e57eafee65,
66f40f0026,
311f189ee4,
458f7b2493,
daa651cfd4,
337ebe2747,
dd655c5aee,
5bf798868a,
eeff416e05,
10502f22bf,
968910f054,
083e4f782b,
1d84094014,
6fe5a83801,
755a345dc8,
850681c6b2,
95410148bf,
b5a0a16fd7,
4a65010643,
5ded2a1364,
2a69a25949,
c3f1116734,
77de10258b,
2983528f77,
9a10e4813f,
58272bcdb4,
d30d23e543,
7f62c60ffe,
97fd42d38b,
f8d8ebaf8d,
c336250f8f,
d276268ebf,
1281b062a4,
676b733c57,
ebf2a10961,
650fcedd22,
24a7c7e988,
819626535b,
7bbc5a2473,
e887fbdfd5,
2d76387d6e,
ba28fe48b2,
b9b4e92118,
2b18f3c81f,
3d22669847,
f87dea47db,
da4a26cd96,
3c58b704f2,
64b297c15e,
cf1ea9af3b,
536116702e,
b70db9bf31,
475e19cb22,
88fad37761,
ab6d4ad2fa,
a9b19af9ee,
80db97bacc,
d24ea15375,
bab53b4152,
d6b053947f,
88040d7737,
03d9dd414b,
a0e8168015,
5a2393940b,
d4b544abff,
89d0e4972c,
c1e33be64e,
49096c54e2,
7720aca199,
44c1c813a1,
55441697a6,
469e15c5a8,
5875847743,
2f8250d0df,
3ef85c201c,
5adce8e8fc,
5c8a453297,
aeb0593edf,
264871e342,
9bb06e4848,
962ca0488f,
87473f5175,
99fdaff40d,
0b3588bf63,
d8f089b479,
a2a8a42a36,
d8d52d2cb2,
baf2ccb1cc,
499f7fe7dc,
0a4594beed,
edef93288d,
b01100d6c6,
37ffa83550,
91412dffcb,
1937abbaac,
e71ac19463,
0f870b905c,
e344ef4cf6,
bfb0644d9e,
c6d6fbb9a6,
80d96cab37,
e2b73ce8df,
993c6eadd2,
4ad37ac5b7,
7f8240f623,
1ef4bca3f5,
2dd1bb7561,
b1cec36547,
67381561f6,
9b46f1ae17,
69728f3226,
c8384a0df6,
e8cb7f18bd,
5d57a5eda2,
abc1500c46,
20eeee52df,
0c524f5e69,
5ec14d968a,
37897b1693,
cc1a219c1c,
3629287285,
96ec2855e4,
08c5eb64a5,
66f1863628,
374ab5e6cd,
09fea0f3a7,
09910a212e,
31d03bff54,
70d2e5add2,
4f0c1d97c4,
8f11bf53a2,
967e1b9ad9,
1b673ea212,
dd49f1179d,
85de235e0e,
ea348ea738,
28bd0fcd11,
e3592de395,
c400b1fb2f,
a5e47d75c0,
8a1bf14c15,
434e673353,
01fb29c047,
e959cf04e4,
3ff2b333c3,
a9b155d544,
10ad2966fa,
7069dd2486,
4b2b6a59d4,
792c97a352,
2ae6fffca5,
118e2d6168,
9b172f1737,
7017d6c8cf,
9946895c91,
da37487780,
8ba332dbbd,
00c8cfed18,
a85e779682,
6fe391edf6,
b6262b919a,
c258bebc27,
0a5e7d6cb1,
507a584ae5,
bcd7910701,
d27429521a,
736f85408d,
9d6e14002f,
91c44d5912,
f7aa65a988,
dc78ad00d3,
ae1b11d7ec,
9d4dfb1f9e,
c180265483,
000b3211af,
a584ebd602,
fd57cd4c4e,
106a999786,
7a1556637a,
4a13c1093d,
67a5d0a19c,
da908a6635,
ce4b5fe266,
c0414a6961,
4805e663c0,
887e90ff88,
7058fc87de,
1c464c8953,
9acf7846ab,
4f9ee6208c,
c7c7f7f025,
8be365118e,
03f6b8d900,
42d4d17693,
e0e9cb3902,
9b1a52cc02,
71f389a974,
fd7434a0e9,
474d10ff48,
eb2fc4d281,
426cb788e5,
5664973d05,
5f4e052208,
6e424d5ccf,
25ea895560,
3f6bf57365,
2c150a0703,
d613b00386,
98c11bdba8,
38e8111514,
886545bbab,
2b8b0a7d10,
f765bed159,
7796395821,
18fbdd718b,
2b31cedc6d,
4f7cba2eff,
356bdefc64,
5fc411e8d1,
94ba09618a,
e5d88bca69,
b667160840,
441e2a5a82,
8db4aaef4a,
151779dfad,
aaf69acf6f,
00688f0441,
c9c0e975c0,
84fcf21a64,
5cc015ed85,
86ae985c48,
f19f0c1482,
9a1177c3fb,
756d255e40,
0b39781a5a,
3b45abf7b5,
433b1ab9ea,
8e092e15ed,
da76e6c8e1,
33eb5a33be,
c9d4cf96af,
312868ebb2,
a7cf141043,
f433396b44,
3b8b4be00b,
48c3502151,
57ee48d640,
2fd9eef1f8,
5a2add1cd8,
b9ec075666,
d0b52412b8,
38e69da3a1,
82cdd851b7,
23a614d341,
49ce2570e5,
55bfdcf9bf,
b847eb1075,
c467f58715,
2a20862961,
f837a046a9,
0d77390e74,
85f882c027,
238f8d875e,
dbc696a3ef,
79bd7de23f,
1e3561e921,
bc28048a07,
881affa1a2,
760b2e5dfe,
22e5e3cad2,
9a2c6ae21c,
df82999f38,
9cf9045a3c,
e8a7f5e1a3,
938f7e936c,
1d428212cb,
4c2003055a,
69c36e5f81,
583bae2083,
cf3dafabb3,
9965c5a810,
cce5c4744a,
cf3b068b03,
19cc63aca3,
8645bcae50,
b2c81f2c95,
397ef3478d,
29a6fac317,
abda0ac082,
1643564ce1,
83c92f835b,
193fe8822f,
05198b8107,
ac75f9e59f,
c35b8dbb8a,
baeb21b26f,
565e68ade9,
0a6580a2ca,
7257f9b2b0,
b9078fdb88,
864cddfae8,
20f387fede,
06a6314076,
53aae02026,
e05fd863d4,
d36296a726,
6c0bac4f19,
e739d7e64e,
2f6e1bc40b,
357483f649,
11634e3bf7,
803e9c0931,
0d737380e2,
47126dd509,
cca7cce9c8,
4914c3c579,
e833f3a85d,
0a60d11178,
c13b15d9d1,
5225c062f9,
8645287c66,
ed298c6e5d,
c2fe8bbad7,
49ec855925,
e96d849b35,
40e3087f9c,
93b5d1bbea,
94488794d4,
b287d39fb3,
54670ca807,
a3dc4cf37a,
762a44afb6,
1e1cb8d9a4,
9d6473d14d,
0d63dff2e5,
59f6677324,
eeb047e369,
092c10bd84,
6d846d7d50,
c0e5365bf0,
42a95b10b3,
002bb8f1b3,
b2e3ebc647,
4975dbda48,
1c25a69c6c,
005e2e60d3,
e64208b4ef,
1e52917c17,
07ae045cbe,
4bc4d97503,
356c8f7848,
fec3cae0c2,
2c0f4ee9e2,
2d361cdd4d,
e1dbabfca3,
b5eb308679,
1d865c0717,
f02147d638,
41cf23c2d2,
bb3ef3c925,
c63415814e,
3c4cd5a819,
1cebd63a24,
fb7e52a340,
6d68218d8b,
a9edef474b,
e892068fd3,
2bc1a7126b,
89a5639a24,
d14b33ede0,
adc5ea18b3,
f6f7382036,
570c1a92c9,
07c4438a0a,
bd3b30d13c,
e62ebf8ec0,
2c6f1f637b,
4652d96d01,
a17c16036b,
0c0d180b5c,
a7af432585,
ecc56a776a,
f2a92aa5ff,
31d260e718,
94f0a2521c,
07b995a175,
9f8cd8c991,
77b6b38e7e,
e2591a4f5a,
8628349c27,
0cbab4e443,
3d90ad58ee,
ccd4caa001,
f67575d0e9,
7a83b8c7e2,
43ee369d34,
0690c4b873,
1b5dea3fe9,
5389177883,
2c4b87059b,
5fa63f624b,
7ebaf21cf7,
3c343d4e1e,
a9da40eedd,
c435fb9416,
b593189c2d,
438a7d203a,
356411fd5a,
f87b8847a9,
4cb6f71974,
5e6040afd3,
8f65a41e73,
6ffc960726,
ebae3ed394,
f9752f3768,
88b6d952b6,
44b0b41b62,
6397544955,
de0673a07d,
f7638c4126,
afa11da83f,
1ca1423c00,
980578403b,
225e7973da,
904af41287,
c2828fbc35,
8d69c4d8e4,
db23b82d03,
32ee7ef6c2,
9b04365a55,
f6d3caf9ed,
51a31aa9a1,
9ddcd3f037,
93c709ddbb,
0d7697aa10,
07a8205fee,
ab52225ed8,
b86d2cca27,
d2141d6d47,
a172818c9e,
e4ef55358a,
e64a4d5361,
e133dbdc62,
226df3194c,
c7d3ab998a,
5cd1ac2c57,
189ea0d26f,
2793cbbfab,
4c79259b5e,
d2443706bf,
d18a58850f,
a975e49753,
e8d9d9671b,
038c049e2a,
1d5d10eedf,
7a5e6a6349,
65e715d6e5,
a4d9ee1aac,
103c6425c9,
ee100f96c1,
1e0416ec46,
cadb7e8823,
62aebe35b6,
a1833e30a5,
4760319f17,
e692bbaf63,
20bf68a459,
6816923abd,
989ba2d8e7,
35f539ffa8,
f20074e0d0,
a29a6f5c41,
d792349406,
6030362588,
8112c62d00,
839095ea38,
ec835dc0b0,
755bcfd6a2,
4c5a7e6ffc,
52f2f23473,
1f163ffa8a,
504e45d9d9,
c5a584d398,
586a76af3d,
eb9c11eb52,
8d548b1783,
13d0b4314e,
db76d74945,
32058d2bb5,
495299c926,
9e07e4f596,
954f523ded,
b145670ac9,
ab925cac3e,
982b1c05d3,
bd0f0ebc57,
35aa02c551,
87bfbb125b,
eae7117612,
e8ddfa3959,
eba3cee9be,
a5912f5b7b,
df0f568747,
aeb56209ce,
4df63939ef,
917e217975,
5aa8c0daad,
b3505b0aa7,
db783cf66a,
8798f0a924,
ab57d75f20,
f2d120c26e,
1fa8e6ad66,
faee4563bd,
105b761a2c,
3cd2b0d233,
e53f3fb1a4,
2baa1924cd,
b1195a418c,
261932614e,
88a120f336,
aa51082711,
e4d58eb70f,
f60dbc9737,
11cab5bac2,
ef2f959764,
540f0477e3,
d6606e8167,
68a6cf591a,
f61ae5403a,
0b581d3f9f,
93eb6effbb,
06ed7a838d,
be8e327d50,
96e77388b8,
0754d96b4a,
88c2d7f95e,
f420223044,
79c57e46eb,
92fe747a96,
a60b818d1d,
4b8092674a,
63dcc7d29f,
b2309cd1ce,
6999d42bd9,
5f857f8279,
e389e41385,
d7b1ac80c4,
0a0e2a4f78,
9048ec6e22,
ef1debc105,
5f91766356,
cfdb8ea6d8,
c26aabf505,
c50f940f43,
80b171ef7a,
fc5aa0f34f,
e74d67a818,
876bfcc38c,
39f74c5153,
dc346c6f1c,
e96601d516,
93a199b78f,
68e1b374ac,
d73e917df5,
49c713c76d,
c00890fdfc,
e6b380cd3d,
d5712716e9,
496abe9ad9,
bd74c21c43,
71f4a9b495,
5e6cdd7c91,
a3893b1fce,
796110430b,
2b68738448,
74450e128f,
3dd127f4af,
1b59763e81,
0382b0a358,
f4f24160c3,
b9a1df7a8a,
c2484278c9,
f45a9649fb,
131bc4a304,
8f892ed3b2,
16f31448e1,
61e8b484df,
356fce670b,
ac00adda49,
e637c11dca,
6b6ff812c1,
101a8b583a,
675ce92149,
4d31092a19,
086bee572e,
10c841e57b,
5bdecb0d75,
a6aeb0b520,
3495e809b3,
6247a1db0b,
94c3127153,
d67edb73e6,
689c6b69c9,
83d9d8ffbe,
a777619b23,
dda6145689,
a86d48a430,
213f65851d,
ab65e404fd,
e0f831f552,
8c03f75944,
5de3c34293,
da276b88e8,
96ed7455c3,
4244aec072,
e93220b868,
25510fbf89,
35e15c616c,
a6a3368db8,
36c1a56493,
b4ebfb22c6,
3775d15b1d,
f46d274a8b,
e3a8728252,
cc1f8918df,
b2dc9aa460,
7e82aab535,
944cb46d62,
a61d4c6048,
297f7d9e0f,
12bb670169,
c0b7788e74,
ae45bdeb6d,
94977637ab,
e4c90cafae,
80832ca578,
9f48b1d3fa,
aa6e04fee2,
197bec62c7,
990c3cf35f,
bd4c861cc2,
f78d0594ce,
4a9ef1f9d8,
4ef9dfdd0a,
567ef8c2ed,
b0cae38eb0,
b1da216450,
78094a1191,
acdd6596e6,
1dc7f3d536,
78d89e7c64,
dac8af239c,
3e3496c6d4,
12b2075369,
37daa255ea,
00d907ce33,
dc6dae7f3b,
51d74124da,
1f35cb2e27,
14c9c24f55,
da8a88b872,
948fd09708,
27bf96d1b5,
2fac1b845b,
b47c430fda,
9e29d43b20,
c10ae302bc,
e818eb3851,
dbabff5048,
a4468f0e74,
7223fdccc2,
cad99e531f,
6ed0958471,
cda2c56cef,
82582f6d17,
5813e09e81,
8eedc5a2ed,
2c72a5582a,
80aff8d880,
eaf8a522e9,
052fbbb0a9,
671f6900a9,
e0ead16a3d,
dd3dbdf77e,
9d968ef838,
e43b9a1497,
65f5ce236f,
ec00ec25c7,
09140327f6,
6114b48cb9,
cac1ba6f5a,
9ea273deaa,
10c5d92ceb,
67afe60d31,
bff45fe27f,
a7e4ad250a,
425c9eb614,
a7225483b3,
6e60ed6d59,
a93afddcdf,
e74af209c6,
37c1594abc,
256453d14f,
52020ad422,
8d40f9e62d,
cb5e709de8,
f6d56869b1,
5b5be601c2,
d0c092c3ee,
f02eed05d0,
2785576a5b,
97dbf6e8e1,
f6cb27e38e,
b8332c63c9,
71c6b00c21,
67348350a4,
7f3b118605,
52fc580b72,
e7a714bd8a,
7abd932d50,
eed1736183,
7120ebfa1b,
b770afa9e6,
c3384d4c6b,
ade8ce79b8,
63983dd792,
719934e5e0,
2b049dbcb1,
0a49d88d14,
17bddf4bf3,
a717783c80,
dc9685bc8a,
30b5985a07,
cc53e85d21,
c50bdd4567,
f0ef04109b,
ed3f95dd2a,
8739e2666f,
6d65d9dc54,
333f3d42e2,
44da94a9b7,
9e4228219d,
e206dff6da,
fee936fdc3,
c80d7e9b26,
e4838b68a2,
6545e365a0,
0473875c4a,
68e6a47c75,
4c1733246f,
3257bafde1,
c45f5fb9e6,
c281b14817,
5b204b5429,
5aa8a5280f,
75ca238abe,
8d86885941,
4ed4f2fce6,
6face8f81f,
3f8df1fed3,
16ee71e6df,
28e1999323,
e170fafd8c,
911bd25026,
5575fdaf3c,
d45f55fad0,
38148a3e98,
be6d61ef42,
b8a77cd14c,
14acfa72dc,
44bf854f69,
32eb024489,
0a36e72ac2,
7d59117a75,
b40a435ea7,
4d22612bb6,
437f792822,
c7e1468a65,
d08af78eef,
13cad32c3f,
92b95ebfbf,
92ef69c5ca,
41a86a9b67,
5c04a86c88,
fd1ebb37c3,
f29654c873,
f57f3b6265,
d60072b03a,
e8e5d28fb4,
2a35e976ea,
43d10bd312,
d6c34fa875,
b56c29ed7d,
2e56c6a83e,
361b6281a6,
614aed9113,
f7835156a5,
cac874449f,
2f883c6eb1,
892b8a0cf8,
95dbb10a09,
ee55b5844d,
666f836b32,
9f4bb12e13,
8a6cdf6832,
c3e4e319b8,
d64eec0d6c,
fc2a587094,
a193f3b9e1,
50dd008fb5,
da60c4db48,
5a8f396cb2,
96d74cb729,
156816e845,
61ee532258,
e83b4e9bf0,
9e2748c5e4,
da15c4b003,
c8b610923d,
a657e300d0,
d78be7b22e,
d31c27398f,
09b5db7af0,
c2392d49e0,
04d3c2d056,
5f455a3147,
54919bf6ea,
1cf039efa9,
f245456ba5,
43cf42df19,
3a013a37a6,
17deedd7a4,
109516d45f,
dbeef30a84,
f585c22106,
32739ec46e,
2452a0aa6a,
291a81553f,
e64b0cc77d,
51600bf195,
dbdbe24969,
4db44fd32a,
2b6ec32c28,
7900f25fbc,
726e501993,
054d16c70d,
89d0aed1ff,
29736d30cc,
03b569041c,
4e87dcff0e,
1872e32e07,
8e4553e921,
32cde6dbc5,
ed92ed183a,
a2fb29c072,
8e3b60deaa,
c9e5ca399a,
37bcad24ca,
ad5d8a84c1,
d1732ef2a9,
306795507a,
5534df9445,
6db884e1a8,
4c0329867c,
50d03d593e,
6a36ea6690,
c31d79c440,
bb16d5ae08,
68c674acdb,
3864a39777,
2fbae49319,
d682402e60,
fe626ba958,
6388c670c6,
9c8ad0b932,
10022832ae,
d8ab713a6a,
78b24a76c4,
ca2d9efd4c,
4e4e9c3802,
f0acd25d8e,
d3e52b51b7,
490734b764,
69d6b5d93e,
836dd77850,
6434edb2a5,
c3c168bc80,
e03a74beca,
49a1fc4061,
5dfc83d141,
628bab2c42,
6d6e1944dc,
f3c6e98737,
259a4c12db,
9f89432794,
e94ceb6edd,
7b9f3f4f39,
580f2c99e1,
c4cad35b0f,
ca333e378d,
e1db1eab6e,
36631a41d0,
b8293bb838,
bbfe533366,
4f1a7d1d2c,
0bb5b4d19c,
5d85831fa3,
42caab438e,
5bfc1c74e0,
ad970e1d3f,
ffe02fe3f5,
f48211d914,
1b64ea8f30,
82369ff2a2,
a1ae4e2000,
8b5e410207,
e540ebed83,
89de64f532,
6e2c555beb,
27e3a4acfe,
064b2cc709,
67ff57361c,
0f9b915617,
7dc87b5fc5,
fd3a622954,
a050668b78,
f85c7e5ead,
2b70bcd0ad,
dacb6d78af,
55c69c2d52,
fa89412e2a,
a9bc0bc35d,
80420cfe74,
da82d37656,
8034e259de,
d98aa88591,
4de0e1bb73,
39e873ffd4,
fa117106ef,
88a4261005,
a4f6100563,
b6d2229b03,
e2d8e05859,
060db97af7,
58f1b52257,
0ef8ddf4a1,
44da06d16c,
932af12853,
be38b29042,
d72a60bee8,
f9bdd41842,
0a2c386597,
3b6fdcc518,
97eeb0161d,
e76b1c30bb,
bc1fbaf4a1,
5eea04087b,
9f345b18c5,
1c68a5f609,
3ec9a1578c,
50b353f751,
bed26c1d7f,
4d9a27e25a,
2d6ecef1de,
6c5002df01,
c501544be4,
63f47fb1e1,
8c08631422,
e0090fba83,
fc0d5427f8,
2ea6cb3bd3,
63491134ab,
8e8ff8dc66,
ba59e4ea3d,
e965e50c60,
2d782345bc,
a5640db7a7,
895cec1c48,
9fbf0d59cc,
42d3659c3d,
3099b7261b,
37227c0dbf,
2d0cd25243,
4c5672e236,
416e6352b9,
47f11efc72,
391211cd64,
a1320a5050,
d6788e5a4f,
7b3132d3cc,
0c35e093bd,
1a9933a4fe,
83b44dda65,
10e991f020,
9cf0c77bc1,
0f22984306,
e32bcc9304,
aa2c27ea07,
bd90c840ea,
ae5b8cf7aa,
8862c02132,
d4305524e2,
7d32d4866a,
11c5c7850b,
cbb9d08353,
044f146e5c,
b05be3118d,
cf1739382c,
37b50ef2a5,
8e7d2d0ea4,
816bbfcd52,
e2c48f0201,
c860b3f840,
9c44566550,
23dad0b69f,
b01506af48,
07dbf16cf0,
1981e74a66,
da3dd37b70,
d54d4de7e5,
c818fdf4b8,
8b37012287,
c002c2eddd,
489b7fc86b,
89d9167173,
81ef3d303f,
3c41934098,
3ba9e80d1d,
7c6b2e810a,
201c6c35e2,
f944be482a,
915ce84b4b,
b34a3fd669,
403847cf44,
c13f8a6154,
f4c7e939ef,
5fb992345d,
8c5e613c41,
62c9a90f1d,
c672c9da1d,
da62e66fac,
8d2be5bfc8,
7c2fcb712e,
b4ea682d4b,
bbcf6de580,
0a96d05fdf,
664d148574,
9a38abcf54,
8f44c2f7bd,
5a42a51462,
972dc5787d,
3d2478db59,
645e740cb0,
93370a10dc,
2bca22c7f3,
e838d1f366,
1f2a8f57c9,
fc49e426f5,
d0a4b8bc09,
7005fce01c,
f3de150883,
d33ed264b3,
206aba0edd,
d2a3207aae,
65ed990460,
21af13b50e,
3b5aecf8d6,
ced1083324,
aee0796720,
bab26fdc24,
213eae85e9,
e4bb03893d,
43b390b336,
e711c03c57,
4fed31099f,
a2c8b8dad7,
d409e4ce46,
36f885a911,
9358a6253c,
0e83e0955a,
b8d9a368ae,
842e9e031b,
533a5604dc,
e79ca3a450,
f81d71d2c2,
d9564b50ef,
90977e9614,
18bcba79be,
d7b287d1e7,
d847cf8346,
98f836e4b6,
a00246028f,
d576839165,
eb79aabf05,
a3dff88c1d,
e42d0e6e9d,
f7c49f422f,
0e3d0b5ab5,
3cb4d10927,
9b1060a30e,
8244eb7ae9,
79331f42cf,
96c5092f80,
15892f296d,
2e49927901,
ebecd8135f,
1e633e1874,
34ea29707a,
462978616d,
d6bd94911e,
b3eadfc565,
6033018ee4,
0db9bf3e1f,
898b9a9338,
9b3fcf1668,
601a57c65a,
c7e96d2411,
1977ce206b,
dd3d4c2edd,
0345e7e526,
032fc2b3a2,
7b65e54ea9,
0457eb75c2,
53dbbbdf7d,
ace00f13fb,
3da6270b02,
3861b033fb,
25e2db9995,
b99ba239de,
ef5ba215b6,
ee9eaed59b,
669a4ee511,
2b8fcaed04,
cc0ad12b7c,
c3a4f9710d,
ad0dd05c20,
84fd3611d6,
cddefa4364,
17d18ba9ef,
9db7e301b9,
88375a5f3e,
1c6ce0a7e3,
51051cb758,
6c18eab109,
0010bcc0e2,
04a204382a,
58129e4130,
a74b7578a5,
e77a8f8f2d,
51313cb3fd,
620741fc16,
0237b6fd87,
7e45ea194d,
bf4c610e53,
5d9b0f4b31,
d664f99182,
047abbd04e,
cf553cccd5,
df2a0c498a,
19365e33a0,
e9dd5ad752,
02baa25e55,
70fa6e0152,
d138ab0b3a,
4b0b53bc98,
365974d586,
01fdd344f2,
fbb5742bbb,
b5cbb35228,
23efa13d7c,
a1ac7a0543,
72ee8deee3,
4c973ec65f,
d83606a58a,
fbd510ea84,
a567459a1a,
2dfb1e0fe3,
0a34728a30,
bf46ac3c7f,
5be41389ce,
08d12b46b2,
8c280d0f80,
ce7efcdd0d,
0e0b4a2960,
9664d60456,
c881dc16e9,
123704488c,
e01eb1cf88,
9891da8fff,
b3cf47c9c0,
455ef3e9b6,
8d8c915ea5,
1738ee7f17,
51bdb4d865,
c5f383c0a0,
7f8a3308f8,
f97b498af4,
e7f2b44a1f,
e1a3e4575d,
c7240790da,
6bb7fa91b2,
42ebd9099d,
8e34972820,
527b27665d,
e3ba5e82d3,
853ebd7b47,
7cb093f4c3,
2c5f261ff3,
cce4a3ca50,
08ad89c6b0,
3102d159d1,
7ae1499198,
c25f1544bd,
e78f6d920b,
ddb4330613,
c10d6fac3d,
c3541b6a2f,
c41d259d60,
e6e02e1be6,
ab464f70e6,
2da7ae1656,
59159f2163,
aef284756a,
bd115d950b,
d2ca4e1d3c,
8b3811c819,
f4c5160e40,
7d87899024,
f347bda133,
684b2dcea7,
6c31bc1182,
e5a26fb323,
cf95521362,
39e9f0e449,
036cd6abb0,
e9c03baff9,
4bcb9c582c,
861f5b2008,
7e49648b99,
b8e35a07a2,
bdc7de6846,
1e7956b538,
ac4a84a76c,
be2fadb2bc,
9f7da3aa4a,
cebe0fc8d3,
b38df0845d,
fa3d1d0975,
c0aee462ca,
d46052706c,
422cd4f89f,
9fdac069e1,
0142108215,
88ea8d1421,
81defce8a3,
2641ac37a6,
81de3c6143,
b3d1523864,
688784c5a9,
5729a6ebb9,
d8ea663169,
d29e6d773c,
6328fd1b81,
f13fd6b067,
3160620b36,
e90acf3c42,
f3ec0395b0,
1fee7a1358,
68238c0940,
bcbc9b5e75,
b9d896f209,
62e1413e85,
7a4f2f28ba,
b943a19a88,
0eb1ab3558,
a7a96b2c1d,
60b050c72a,
0144252776,
3a92bdf00a,
7f5c419a7e,
3563567f97,
029a603b00,
348804d270,
bc3c21ca4e,
5648799bc4,
38d2b216c7,
22003c0e96,
50eb2a08c3,
1914dd82b2,
1d18c624f2,
a153babf33,
10f2498c35,
34522a55d8,
32489d483d,
95305a8336,
d948eb5d1e,
582e5d7420,
b5c13364bb,
74e71ffd48,
4aac092937,
ced0bb0d25,
a6687519e2,
2fe4f05a35,
4987043fd4,
1f45286504,
a3b686ba61,
2fdd2501d1,
17d1a66db4,
caa591cb69,
58aa2e3401,
8485d5828e,
dbe35b6a0d,
6c409292ce,
fb6110efb9,
226adfd977,
4fb0995de8,
1fc3517acb,
2afe118dc3,
e3082089c9,
1b62e0c672,
f3912c1463,
9093f4a84f,
edef02e047,
a4b7cca240,
fe1deac869,
0693a85163,
25722484f8,
79256fbe62,
1a38bc0602,
5a9faa4da8,
05ff657624,
2d5b920414,
10b36df3e0,
4dda8fd71a,
8e48929733,
914ab55259,
5e80e58699,
c5ec3e9e37,
780ee451f1,
827fa68ce4,
16b52fbd17,
7315faa6ce,
5955233380,
0b34e66ea3,
226c11669d,
46ffb6bd0e,
667e216a44,
9d187014d5,
31d102fb4c,
7037789f98,
0a57a17968,
a17703215b,
4e05652b8c,
afd1917b36,
9b210c4a6f,
12e0187cb9,
6dc1aa9db8,
2cbc372326,
a56416d946,
fe09df7e91,
6332da480c,
eff365b5b5,
dd77d3f5cd,
56c08b2df6,
8def10379e,
58c5bad2d3,
70d05bf740,
c108e09b19,
a37538b291,
3ba549158f,
d528912ba9,
1cd62f2da1,
5fb30f858b,
0be9ed25f8,
4cb0ab19ed,
8fa75341d4,
20aff2fcb1,
086671fad9,
49e9fe8b96,
49d708c7b8,
ca66e5e4b6,
f288113937,
ddc07db84e,
98434ae90d,
f35cc8bb35,
e8d8465eab,
3c048c6a14,
266d2b648f,
29ed43caca,
8882fae1ac,
7dd57c2598,
b4e721aa1e,
a3c5d75bbb,
b26843421f,
127260366f,
543a06c64b,
ad1524a0c7,
a92e8ab2a1,
841a5cfcdf,
e54c45018b,
ab3f55a84d,
eadd269ce5,
13ff4f0f99,
451880b8a6,
3ba8596881,
6f91801792,
10b9feacd2,
245e5f25e2,
5c2ae1e5f0,
548b9da461,
3c9419868b,
43288822ee,
ae93ad52a0,
e24b1487e4,
9dfd003f1e,
9b7811b2e0,
9114d80bac,
4ca97418b7,
11b14ae498,
e6c154f9be,
31dbbd2bb4,
02073f1c62,
dd2a769f04,
b521edea57,
d2565af489,
259ab53f07,
35eb97a484,
5a877ae4b8,
cde0016d6d,
cf16d0c659,
56a15cf6ca,
00e1d9ed60,
ef7ef8e474,
173738ce2a,
787df2fd0f,
c4f4b37c8b,
4baf1c6930,
4809e143db,
58b7571313,
9608ece440,
a25ccabf06,
dd911923ea,
67d5b57919,
4e06f98760,
d4753cae10,
a838619ca9,
d3d8561006,
dfa577d3c1,
1e41208494,
ce71d002ec,
5f2c04acd4,
8c091fb754,
99c5936498,
6471ce79df,
f3afc03b4c,
7e8212f5f2,
c6bc7536ef,
15fb68bf9f,
b3c6a71077,
9a8cde88ea,
80279a9e74,
23bf2d69d2,
52fd9f56fb,
3d1184dabd,
bc14c389af,
095410237d,
32463a2751,
903cce2dcd,
5a4ebbbdba,
f1f5baec38,
264f1af9a0,
4e5d66beb2,
02b43cd23c,
a11da2d3bf,
15db00c707,
21d77a32fb,
7a01848c2e,
c5698ba3eb,
cb7163bb37,
bb47fa7074,
41ff25c568,
ebf6233a5b,
50ba66785b,
ab07a3fe36,
43c61eb7a3,
b7e17b2bde,
e39cb0ca13,
334954f215,
3a42bc3485,
d3ac1634fc,
b22895c538,
103459e206,
7407e1cf5a,
31eb8ebd2a,
5e5cb6d0a9,
88051e4bea,
4987bf323b,
363460c8f4,
209de29f24,
f3e83b7d22,
2e94c6bf84,
d760e45546,
80b61dc4e6,
866582d5a3,
b733d36b6e,
9412b17d47,
77f88ea9e2,
3195d34e5b,
54aa9ae3a8,
a8055fa13b,
de2a14a465,
6647959804,
0f93a7a6ff,
e0f9a074cf,
0c79867978,
3c03dc0dd0,
303a1773cf,
598d35cd58,
316a1d0f4c,
af706b4c58,
7909fa421f,
dd72ee1430,
415e492cfb,
cea5b3f191,
a08d95184f,
0234e16010,
5eb31e181d,
fc28b797bb,
dd7a9fb210,
0e0424c9bd,
c4210150ee,
b1ddb9811e,
3eacf08209,
d8999ff49b,
4bd68426ce,
65cbb266bf,
c4df4b1e33,
60521a571e,
fa99046452,
656a58ba47,
18ee9d146c,
ed58e3db1d,
adf5be9ada,
074b2d89dd,
d65a8658b0,
34a862a739,
4c395ff61b,
33987a8ee5,
7e46f3f92a,
75d0302de7,
0740ae9f9b,
51be0f0a7c,
68a9b81741,
47caebc343,
309706ed4f,
0ee55890a7,
311985067b,
87daa62920,
cad8db609a,
df320b92cd,
eee518ae67,
c7568067cd,
34533b5903,
1caf64ff52,
b59a892581,
13c47e9bc8,
5ff525b74b,
43790fc27b,
f6df0fdbff,
5612d59230,
3c6723fa1b,
b3fa6e5c24,
a9b501f7cd,
3a07e1cf57,
f4032fd33c,
49e25011f6,
e4891b511b,
31a107dbcf,
1853fae31c,
599f51af6b,
351d279fba,
b21b048c1d,
8d4c510735,
3b26122664,
480894125b,
d9bc353713,
60e5c2c335,
d3a576d221,
d461b50edb,
470f2669c4,
259b075523,
8ec2997024,
be346f0d98,
9e25d010e9,
66762b14cd,
b7234b7720,
04c455e820,
be634ebeb0,
96b3a98962,
ca223af36e,
97e53162ff,
f0da745521,
b9ade6591a,
32ad62e131,
4d5a01ceea,
a375a16694,
afa094db6a,
63ec4e7de6,
87b8d7449f,
49ec0f5742,
0972b54c53,
590ede849e,
1f403981ef,
322546026e,
ea390d1f7b,
c3e87ee9c0,
7e21d8a7ab,
f39c65d9ef,
0fe049b7ea,
161bfc7c8a,
11a3a0fb9d,
4a680661d5,
d41721b745,
5d9e44e6aa,
5181eb11e4,
7ab82d9fda,
7de5a7e4cc,
38c94c08b8,
85e2495324,
b01c4cd28a,
f923746a3f,
cc153c2a35,
5afa60036c,
299fda8c5b,
ad37dcf4ff,
eb85ce805d,
c4a00650cd,
91de6a547d,
f4aba8da1c,
c12a98d8f3,
40d5393a6e,
4fd80e66e0,
d7746b6b68,
be9ed19513,
9c11756ef3,
63a1fa4db7,
db4a79059a,
aeb0e9d730,
bb53ba1a89,
c8307a482d,
e0794d1a3e,
7f0a146e26,
ba7df25a0e,
bd5f768159,
a9a725abfa,
a240940b31,
b6f66e0621,
c7f60af36c,
094e0509ad,
21c6854561,
5f1811bb3d,
5db58f4182,
87187923db,
82dd0bcffe,
6cd9991cca,
1297b5f02d,
19de569235,
16a66e0b8c,
341ed728c7,
36aabd3627,
d49d1b7de1,
93b34b1964,
178b3ca782,
2f136d0402,
07b57f906c,
07a3ac5a80,
b8f7efe383,
5c1e0b61a1,
eaf90c4253,
f61d7dbd8b,
2334ad25e6,
6559ad2e3e,
9c01aa6afd,
fb1c0ecec0,
4d2de9d1af,
102384b03c,
694a98d42f,
6769efef8a,
8b0054a807,
f1e14aaf4e,
8986091fd3,
ea032bbaaf,
6debbd53ee,
7013b54ea6,
fe51ca37d4,
a35cb60975,
7b65a847b6,
ed84aa3983,
57ea442d4d,
3735770b07,
c627db4613,
85117f3ab3,
17d1fdde01,
9ef3a57e41,
af087c9deb,
7920a12924,
b9285b80a9,
20f35978fb,
0ba6aaf9aa,
056c205514,
d7607b8133,
11946e367a,
e027169ec6,
fff97388cf,
b34a3e3d72,
a72f4f357b,
23ea783065,
7276d2cde2,
a0c3ef4a01,
dbae8ffc58,
4e38efebc2,
0a49cdbdf6,
696a2abd8a,
4ea8274298,
f50fcc36b5,
b99969c2fb,
e468a185dc,
c5556624b0,
2bb759d569,
dabac40552,
f2906f0420,
e09b90939a,
9f69f15ca6,
d39e6da95c,
0182dd7de1,
cb1a68137c,
897dab966b,
6e805ea65a,
d4aa6a714a,
017a0bbb36,
79e554fd60,
f4855a1986,
f820ad932c,
0d769aca27,
62f3e63c1a,
d546f8c422,
ea1e41d586,
29d1ec5e7e,
7ae1f564ce,
1496a45408,
12cfea907c,
02aa2d95ca,
706a860942,
cb673d84af,
cc75fbff94,
f7dc083f08,
6bdaadbc09,
483bb46b97,
b70639aec0,
5ebdc7d817,
8e2432e61d,
ca929837eb,
ed0ace22bf,
75dc8a3ff6,
1e32ad1b17,
e0eeef2f3f,
33680fc87e,
4c2540598c,
124e30d941,
b3920a7615,
21ab400cb3,
ed4b3d03eb,
587cf8a61e,
e515132ae4,
98cfd1162e,
19693f5997,
b783916431,
52576ae085,
b8c518e02d,
e4ecd62689,
afd2159e57,
7993d38b85,
14760477ad,
c2645bfd2f,
cb8c730261,
760723a562,
c3892f8e77,
b1caa80c14,
d50a4dc3bf,
817b6da55c,
131da67079,
717e76b467,
f99a3c423d,
683bb73c09,
670ce5e88e,
a7f2db128a,
790af846a5,
88a4e96eef,
2b6bc6920b,
6ff929e04b,
3266de0475,
cec0440736,
82319bb9ef,
0415387eb8,
8d36ad290b,
5683fb4e31,
bf7240df91,
1115490075,
a93501213c,
b7f1a0cd1a,
e7d70b0d76,
d79f6eda9d,
038a99e313,
9d414d77dd,
65019c18cb,
abc7f39d90,
2ef49da640,
89ac21e1f6,
73fd2537e6,
ed1e06027c,
2053a455e9,
f980f61df3,
a30a9b4003,
1f2445122f,
5a5d7e4d2f,
93c0d86282,
bfca4ba8ce,
2ee99fc907,
5e84445c6a,
d112d2e5bf,
822cf03d0d,
6957e5f1bf,
13d29e0bab,
41e9e0fc5d,
ef329bc827,
5d3d18f13b,
275fa7a3f8,
fc5de3287d,
36589d3c2d,
7ea7deb09d,
5f58dc8b36,
401cc22f49,
b9b532f7a2,
1e46d72ec6,
e124c79abd,
4793312f15,
85eb03d6b8,
09554aef59,
8353cc778e,
ba5e02305b,
5a91b175f6,
9a0fce6d7e,
a7a5cb1584,
ec8507eef4,
70932f6376,
b84d47c65f,
53a531c7b4,
cc930f7aa8,
d18a55e49e,
ddc89d5956,
f04b0ca7f2,
0b4a2b2eb1,
b681aef9aa,
0b583242d0,
84c5b0a3f6,
24afdc75e3,
3709c4e1be,
30abfb5b07,
792c269f24,
a55208f877,
e337f23744,
f525424cfe,
9de7ee1962,
e9ef9a00e9,
c0d5be8bd4,
af0778ed50,
d4834cfc49,
4104064854,
d59c09da6c,
b22aff92be,
788e29ae5c,
ecfcc8230f,
520e9b5484,
1ee5496252,
52ad93b3fe,
a04c8c8695,
4d3de34efa,
d26016300e,
d40dd3b17b,
5d47d76ed3,
0437867c21,
25080c4bad,
ef7149efd3,
811dc7e401,
d6ce1fc670,
f254748cdb,
fe2f3f3359,
2f43347970,
a447f480ec,
380c3d243a,
e6826a5aa5,
ecc58c9428,
6e41749ac7,
c8caef9df3,
449d73bf4f,
2f00504c96,
93236f076c,
91f8e27d4c,
84f961fdb2,
327f378bd9,
ef465b57eb,
7516f86838,
b7299d0e70,
4d05d59122,
99e466c1e2,
d19724f22f,
b1f6fb88d4,
9b186b77f1,
935a3c2bf5,
c9980ac0cd,
8cdaa4f6d8,
52eaf44b44,
46632450a3,
e2eaec80b9,
7369cf2fc5,
4200e8b73c,
94f554867c,
562c683a44,
5c9645561c,
b854daaaf8,
dab7f56791,
bf6727bf27,
71fa60d9ff,
b6cd695d48,
3a98aa4762,
68901906a4,
c5d1af4ed5,
2938f51a3a,
78ccd0cec0,
b694518332,
b93d5198af,
d901264a08,
5be8565b8d,
4fb2131d08,
f18ed21359,
e9a77e014a,
472c3e2c41,
8f851c59f6,
da5c3fa1ef,
a9b9f7a878,
6c60cf0bb2,
5898290010,
3b743ded7e,
0187f448b1,
53714350ac,
bd095b4751,
e7ed611f06,
48801ef73a,
558fe1316b,
990cdeae87,
036191bb61,
a14b4ff440,
bc7b967aea,
b13981be78,
c005d6cfde,
dce070190c,
1047b78606,
8c5d6357cf,
0c83190ad8,
4e1101e520,
5055018a65,
b70c6bf768,
6cd35dd82e,
226dcfa96d,
3f09c16e52,
5ad2c5e27b,
75b9768faf,
c5279762d3,
1086c26e82,
0ce20ef06e,
9198679ac1,
70740addc0,
e162b84433,
d72748e39c,
7c229b34c1,
8746563ae3,
a1f42c0c89,
afc326749d,
13632b763a,
0b2ccf0b7e,
8fb50df8d2,
242910ff98,
ca2896a372,
dc4fa42628,
1ad6adf2ab,
6e059414a2,
dcba201932,
6d6e5c1d96,
7505a3b214,
d05b0f464a,
af9a810c77,
e9e0de67a2,
c4453ff2b8,
dc0f5bca14,
30e7967de4,
aa17c6f797,
ca8ae20678,
25694a4e38,
79f4e2fe31,
e4ad1684bb,
c7a59f50c3,
e939fe583c,
674bb5ca74,
a4b3b95e89,
53969f2468,
1012d3a39c,
e0589e3ebd,
3112944847,
c4393e4cba,
c238c4dbb7,
a1b67a24aa,
b8846d0a50,
15c531b290,
8ef3dee547,
b3b338bcd0,
13fccb0fb5,
0b20eef5b1,
0f4be91a14,
d0b2e14355,
ae12877dcb,
4e643cc041,
b8b975d265,
a2867122b8,
6612e42b28,
ba3e84e67f,
ab881218a0,
0ea64bcbe6,
846d43bc8f,
6641548d60,
44c7e944b9,
727cbe5970,
469196b094,
9e734c1ed3,
9ef44428d0,
54717dab38,
d1aa96a414,
94e0366b6d,
8a821c6d63,
0b8cd8a6a8,
57f432f582,
1f9663bb46,
6564a03aa0,
9b2b40dda6,
a64b23f5e4,
3d17d4b72c,
edd38781e4,
c963a42282,
9508aeca0c,
99fcc18a8d,
eabaf375f4,
24747934b4,
32db5fc0a5,
885b8f47f7,
b1999f0951,
f5d5f1fd33,
44daf50a02,
2f8444db6c,
11de8c0456,
08f6036add,
27d6472b81,
aa1a163174,
